Scode,Year,Longitu,Latitu
SZ000821,2000,113.11953,31.01848
SZ000821,2001,113.11953,31.01848
SZ000821,2002,113.11953,31.01848
SZ000821,2003,113.11953,31.01848
SZ000821,2004,113.11953,31.01848
SZ000821,2005,113.11953,31.01848
SZ000821,2006,113.11953,31.01848
SZ000821,2007,113.11953,31.01848
SZ000821,2008,113.11953,31.01848
SZ000821,2009,113.11953,31.01848
SZ000821,2010,113.11953,31.01848
SZ000821,2011,113.11953,31.01848
SZ000821,2012,113.11953,31.01848
SZ000821,2013,113.11953,31.01848
SZ000821,2014,113.11953,31.01848
SZ000821,2015,113.11953,31.01848
SZ000821,2016,113.11953,31.01848
SZ000821,2017,113.11953,31.01848
SZ000821,2018,113.11953,31.01848
SZ000821,2019,113.11953,31.01848
SZ000821,2020,113.11953,31.01848
SZ000821,2021,113.11953,31.01848
SZ000821,2022,113.11953,31.01848
SZ000821,2023,113.11953,31.01848
SZ000821,2024,113.11953,31.01848
SZ002056,2006,120.24191,29.28946
SZ002056,2007,120.24191,29.28946
SZ002056,2008,120.24191,29.28946
SZ002056,2009,120.24191,29.28946
SZ002056,2010,120.24191,29.28946
SZ002056,2011,120.24191,29.28946
SZ002056,2012,120.24191,29.28946
SZ002056,2013,120.24191,29.28946
SZ002056,2014,120.24191,29.28946
SZ002056,2015,120.24191,29.28946
SZ002056,2016,120.24191,29.28946
SZ002056,2017,120.24191,29.28946
SZ002056,2018,120.24191,29.28946
SZ002056,2019,120.24191,29.28946
SZ002056,2020,120.24191,29.28946
SZ002056,2021,120.24191,29.28946
SZ002056,2022,120.24191,29.28946
SZ002056,2023,120.24191,29.28946
SZ002056,2024,120.24191,29.28946
SZ002079,2006,120.57186,31.29579
SZ002079,2007,120.57186,31.29579
SZ002079,2008,120.57186,31.29579
SZ002079,2009,120.57186,31.29579
SZ002079,2010,120.57186,31.29579
SZ002079,2011,120.57186,31.29579
SZ002079,2012,120.57186,31.29579
SZ002079,2013,120.57186,31.29579
SZ002079,2014,120.57186,31.29579
SZ002079,2015,120.57186,31.29579
SZ002079,2016,120.57186,31.29579
SZ002079,2017,120.57186,31.29579
SZ002079,2018,120.57186,31.29579
SZ002079,2019,120.57186,31.29579
SZ002079,2020,120.57186,31.29579
SZ002079,2021,120.57186,31.29579
SZ002079,2022,120.57186,31.29579
SZ002079,2023,120.57186,31.29579
SZ002079,2024,120.57186,31.29579
SZ002129,2007,117.216721,39.01215
SZ002129,2008,117.216721,39.01215
SZ002129,2009,117.216721,39.01215
SZ002129,2010,117.216721,39.01215
SZ002129,2011,117.216721,39.01215
SZ002129,2012,117.216721,39.01215
SZ002129,2013,117.216721,39.01215
SZ002129,2014,117.216721,39.01215
SZ002129,2015,117.216721,39.01215
SZ002129,2016,117.216721,39.01215
SZ002129,2017,117.216721,39.01215
SZ002129,2018,117.216721,39.01215
SZ002129,2019,117.216721,39.01215
SZ002129,2020,117.216721,39.01215
SZ002129,2021,117.216721,39.01215
SZ002129,2022,117.093756,39.073727
SZ002129,2023,117.216721,39.01215
SZ002129,2024,117.216721,39.01215
SZ002459,2010,119.48458,39.83507
SZ002459,2011,119.615288,39.935707
SZ002459,2012,119.615288,39.935707
SZ002459,2013,119.615288,39.935707
SZ002459,2014,119.615288,39.935707
SZ002459,2015,119.615288,39.935707
SZ002459,2016,119.615288,39.935707
SZ002459,2017,119.615288,39.935707
SZ002459,2018,119.615288,39.935707
SZ002459,2019,119.615288,39.935707
SZ002459,2020,114.91932,37.6198
SZ002459,2021,114.91932,37.6198
SZ002459,2022,114.91932,37.6198
SZ002459,2023,114.91932,37.6198
SZ002459,2024,114.91932,37.6198
SZ002506,2010,121.642784,30.949089
SZ002506,2011,121.642784,30.949089
SZ002506,2012,121.642784,30.949089
SZ002506,2013,121.642784,30.949089
SZ002506,2014,121.642784,30.949089
SZ002506,2015,121.642784,30.949089
SZ002506,2016,121.642784,30.949089
SZ002506,2017,121.642784,30.949089
SZ002506,2018,121.642784,30.949089
SZ002506,2019,121.642784,30.949089
SZ002506,2020,121.642784,30.949089
SZ002506,2021,121.642784,30.949089
SZ002506,2022,121.642784,30.949089
SZ002506,2023,121.642784,30.949089
SZ002506,2024,121.642784,30.949089
SZ002623,2011,119.97472,31.77973
SZ002623,2012,119.97472,31.77973
SZ002623,2013,119.97472,31.77973
SZ002623,2014,119.97472,31.77973
SZ002623,2015,119.97472,31.77973
SZ002623,2016,119.97472,31.77973
SZ002623,2017,119.97472,31.77973
SZ002623,2018,119.97472,31.77973
SZ002623,2019,119.97472,31.77973
SZ002623,2020,119.97472,31.77973
SZ002623,2021,119.97472,31.77973
SZ002623,2022,119.97472,31.77973
SZ002623,2023,119.97472,31.77973
SZ002623,2024,119.97472,31.77973
SZ003022,2020,117.16596,35.11338
SZ003022,2021,117.16596,35.11338
SZ003022,2022,117.16596,35.11338
SZ003022,2023,117.16596,35.11338
SZ003022,2024,117.267831,34.977474
SZ300080,2010,114.34826,34.77717
SZ300080,2011,114.34826,34.77717
SZ300080,2012,114.34826,34.77717
SZ300080,2013,114.34826,34.77717
SZ300080,2014,114.34826,34.77717
SZ300080,2015,114.34826,34.77717
SZ300080,2016,114.34826,34.77717
SZ300080,2017,114.34826,34.77717
SZ300080,2018,114.34826,34.77717
SZ300080,2019,114.34826,34.77717
SZ300080,2020,114.34826,34.77717
SZ300080,2021,114.34826,34.77717
SZ300080,2022,114.34826,34.77717
SZ300080,2023,114.34826,34.77717
SZ300080,2024,114.34826,34.77717
SZ300118,2010,121.42961,29.28807
SZ300118,2011,121.42961,29.28807
SZ300118,2012,121.42961,29.28807
SZ300118,2013,121.42961,29.28807
SZ300118,2014,121.42961,29.28807
SZ300118,2015,121.42961,29.28807
SZ300118,2016,121.42961,29.28807
SZ300118,2017,121.42961,29.28807
SZ300118,2018,121.42961,29.28807
SZ300118,2019,121.42961,29.28807
SZ300118,2020,121.42961,29.28807
SZ300118,2021,121.42961,29.28807
SZ300118,2022,121.42961,29.28807
SZ300118,2023,121.42961,29.28807
SZ300118,2024,121.42961,29.28807
SZ300125,2010,121.51844,38.970421
SZ300125,2011,121.51844,38.970421
SZ300125,2012,121.51844,38.970421
SZ300125,2013,121.51844,38.970421
SZ300125,2014,121.51844,38.970421
SZ300125,2015,121.51844,38.970421
SZ300125,2016,121.51844,38.970421
SZ300125,2017,121.51844,38.970421
SZ300125,2018,121.51844,38.970421
SZ300125,2019,121.51844,38.970421
SZ300125,2020,121.51844,38.970421
SZ300125,2021,121.51844,38.970421
SZ300125,2022,121.51844,38.970421
SZ300125,2023,121.51844,38.970421
SZ300125,2024,121.51844,38.970421
SZ300274,2011,117.26061,31.8512
SZ300274,2012,117.26061,31.8512
SZ300274,2013,117.26061,31.8512
SZ300274,2014,117.26061,31.8512
SZ300274,2015,117.26061,31.8512
SZ300274,2016,117.26061,31.8512
SZ300274,2017,117.26061,31.8512
SZ300274,2018,117.26061,31.8512
SZ300274,2019,117.26061,31.8512
SZ300274,2020,117.26061,31.8512
SZ300274,2021,117.26061,31.8512
SZ300274,2022,117.26061,31.8512
SZ300274,2023,117.26061,31.8512
SZ300274,2024,117.26061,31.8512
SZ300316,2012,120.86858,30.03227
SZ300316,2013,120.86858,30.03227
SZ300316,2014,120.86858,30.03227
SZ300316,2015,120.86858,30.03227
SZ300316,2016,120.86858,30.03227
SZ300316,2017,120.86858,30.03227
SZ300316,2018,120.86858,30.03227
SZ300316,2019,120.86858,30.03227
SZ300316,2020,120.86858,30.03227
SZ300316,2021,120.86858,30.03227
SZ300316,2022,120.86858,30.03227
SZ300316,2023,120.86858,30.03227
SZ300316,2024,120.801504,30.049946
SZ300393,2014,120.75224,31.65381
SZ300393,2015,120.75224,31.65381
SZ300393,2016,120.75224,31.65381
SZ300393,2017,120.75224,31.65381
SZ300393,2018,120.75224,31.65381
SZ300393,2019,120.75224,31.65381
SZ300393,2020,120.75224,31.65381
SZ300393,2021,120.75224,31.65381
SZ300393,2022,120.75224,31.65381
SZ300393,2023,120.75224,31.65381
SZ300393,2024,120.75224,31.65381
SZ300724,2018,114.24779,22.71991
SZ300724,2019,114.34632,22.69084
SZ300724,2020,114.34632,22.69084
SZ300724,2021,114.34632,22.69084
SZ300724,2022,114.34632,22.69084
SZ300724,2023,114.34632,22.69084
SZ300724,2024,114.34632,22.69084
SZ300751,2018,120.64517,31.13914
SZ300751,2019,120.64517,31.13914
SZ300751,2020,120.64517,31.13914
SZ300751,2021,120.64517,31.13914
SZ300751,2022,120.64517,31.13914
SZ300751,2023,120.64517,31.13914
SZ300751,2024,120.64517,31.13914
SZ300763,2019,121.86932,29.47665
SZ300763,2020,121.86932,29.47665
SZ300763,2021,121.86932,29.47665
SZ300763,2022,121.86932,29.47665
SZ300763,2023,121.86932,29.47665
SZ300763,2024,121.86932,29.47665
SZ300776,2019,114.418869,30.501167
SZ300776,2020,114.418869,30.501167
SZ300776,2021,114.418869,30.501167
SZ300776,2022,114.441383,30.485989
SZ300776,2023,114.418869,30.501167
SZ300776,2024,114.418869,30.501167
SZ300827,2020,120.29834,31.68096
SZ300827,2021,120.29834,31.68096
SZ300827,2022,120.29834,31.68096
SZ300827,2023,120.29834,31.68096
SZ300827,2024,120.29834,31.68096
SZ300842,2020,119.82346,31.34042
SZ300842,2021,119.82346,31.34042
SZ300842,2022,119.82346,31.34042
SZ300842,2023,119.82346,31.34042
SZ300842,2024,119.82346,31.34042
SH600151,2000,121.54409,31.22114
SH600151,2001,121.54409,31.22114
SH600151,2002,121.54409,31.22114
SH600151,2003,121.54409,31.22114
SH600151,2004,121.54409,31.22114
SH600151,2005,121.54409,31.22114
SH600151,2006,121.54409,31.22114
SH600151,2007,121.54409,31.22114
SH600151,2008,121.54409,31.22114
SH600151,2009,121.54409,31.22114
SH600151,2010,121.54409,31.22114
SH600151,2011,121.54409,31.22114
SH600151,2012,121.54409,31.22114
SH600151,2013,121.54409,31.22114
SH600151,2014,121.54409,31.22114
SH600151,2015,121.54409,31.22114
SH600151,2016,121.54409,31.22114
SH600151,2017,121.54409,31.22114
SH600151,2018,121.54409,31.22114
SH600151,2019,121.54409,31.22114
SH600151,2020,121.54409,31.22114
SH600151,2021,121.54409,31.22114
SH600151,2022,121.54409,31.22114
SH600151,2023,121.54409,31.22114
SH600151,2024,121.54409,31.22114
SH600207,2000,113.599854,34.739628
SH600207,2001,114.315659,36.091381
SH600207,2002,114.315659,36.091381
SH600207,2003,114.315659,36.091381
SH600207,2004,114.315659,36.091381
SH600207,2005,114.315659,36.091381
SH600207,2006,114.315659,36.091381
SH600207,2007,114.315659,36.091381
SH600207,2008,114.315659,36.091381
SH600207,2009,114.315659,36.091381
SH600207,2010,114.315659,36.091381
SH600207,2011,114.315659,36.091381
SH600207,2012,114.315659,36.091381
SH600207,2013,114.315659,36.091381
SH600207,2014,114.315659,36.091381
SH600207,2015,114.315659,36.091381
SH600207,2016,114.315659,36.091381
SH600207,2017,114.315659,36.091381
SH600207,2018,114.315659,36.091381
SH600207,2019,114.315659,36.091381
SH600207,2020,114.315659,36.091381
SH600207,2021,114.315659,36.091381
SH600207,2022,114.315659,36.091381
SH600207,2023,114.315659,36.091381
SH600207,2024,114.315659,36.091381
SH600438,2003,104.056679,30.629288
SH600438,2004,104.056679,30.629288
SH600438,2005,104.056679,30.629288
SH600438,2006,104.056679,30.629288
SH600438,2007,104.056679,30.629288
SH600438,2008,104.056679,30.629288
SH600438,2009,104.056679,30.629288
SH600438,2010,104.056679,30.629288
SH600438,2011,104.056679,30.629288
SH600438,2012,104.056679,30.629288
SH600438,2013,104.056679,30.629288
SH600438,2014,104.056679,30.629288
SH600438,2015,104.056679,30.629288
SH600438,2016,104.056679,30.629288
SH600438,2017,104.056679,30.629288
SH600438,2018,104.056679,30.629288
SH600438,2019,104.056679,30.629288
SH600438,2020,104.056679,30.629288
SH600438,2021,104.056679,30.629288
SH600438,2022,104.056679,30.629288
SH600438,2023,104.056679,30.629288
SH600438,2024,104.056679,30.629288
SH600481,2003,120.28432,31.91919
SH600481,2004,120.28432,31.91919
SH600481,2005,120.28432,31.91919
SH600481,2006,120.28432,31.91919
SH600481,2007,120.28432,31.91919
SH600481,2008,120.28432,31.91919
SH600481,2009,120.28432,31.91919
SH600481,2010,120.28432,31.91919
SH600481,2011,120.28432,31.91919
SH600481,2012,120.28432,31.91919
SH600481,2013,120.28432,31.91919
SH600481,2014,120.28432,31.91919
SH600481,2015,120.28432,31.91919
SH600481,2016,120.28432,31.91919
SH600481,2017,120.28432,31.91919
SH600481,2018,120.28432,31.91919
SH600481,2019,120.28432,31.91919
SH600481,2020,120.28432,31.91919
SH600481,2021,120.28432,31.91919
SH600481,2022,120.28432,31.91919
SH600481,2023,120.28432,31.91919
SH600481,2024,120.28432,31.91919
SH600537,2003,121.26647,30.16964
SH600537,2004,121.26647,30.16964
SH600537,2005,121.26647,30.16964
SH600537,2006,121.26647,30.16964
SH600537,2007,121.26647,30.16964
SH600537,2008,121.26647,30.16964
SH600537,2009,121.26647,30.16964
SH600537,2010,121.26647,30.16964
SH600537,2011,121.26647,30.16964
SH600537,2012,121.26647,30.16964
SH600537,2013,121.26647,30.16964
SH600537,2014,121.26647,30.16964
SH600537,2015,121.26647,30.16964
SH600537,2016,121.26647,30.16964
SH600537,2017,121.26647,30.16964
SH600537,2018,121.26647,30.16964
SH600537,2019,121.26647,30.16964
SH600537,2020,121.26647,30.16964
SH600537,2021,121.26647,30.16964
SH600537,2022,121.26647,30.16964
SH600537,2023,121.26647,30.16964
SH600537,2024,121.26647,30.16964
SH600732,2000,121.54409,31.22114
SH600732,2001,121.54409,31.22114
SH600732,2002,121.54409,31.22114
SH600732,2003,121.54409,31.22114
SH600732,2004,121.54409,31.22114
SH600732,2005,121.54409,31.22114
SH600732,2006,121.54409,31.22114
SH600732,2007,121.54409,31.22114
SH600732,2008,121.54409,31.22114
SH600732,2009,121.54409,31.22114
SH600732,2010,121.46904,31.245178
SH600732,2011,121.46904,31.245178
SH600732,2012,121.46904,31.245178
SH600732,2013,121.46904,31.245178
SH600732,2014,121.46904,31.245178
SH600732,2015,121.46904,31.245178
SH600732,2016,121.46904,31.245178
SH600732,2017,121.54409,31.22114
SH600732,2018,121.54409,31.22114
SH600732,2019,121.54409,31.22114
SH600732,2020,121.54409,31.22114
SH600732,2021,121.54409,31.22114
SH600732,2022,121.54409,31.22114
SH600732,2023,121.54409,31.22114
SH600732,2024,121.54409,31.22114
SH600876,2000,112.42788,34.66047
SH600876,2001,112.42788,34.66047
SH600876,2002,112.42788,34.66047
SH600876,2003,112.42788,34.66047
SH600876,2004,112.42788,34.66047
SH600876,2005,112.42788,34.66047
SH600876,2006,112.42788,34.66047
SH600876,2007,112.42788,34.66047
SH600876,2008,112.42788,34.66047
SH600876,2009,112.42788,34.66047
SH600876,2010,112.42788,34.66047
SH600876,2011,112.42788,34.66047
SH600876,2012,112.42788,34.66047
SH600876,2013,112.42788,34.66047
SH600876,2014,112.42788,34.66047
SH600876,2015,112.42788,34.66047
SH600876,2016,112.42788,34.66047
SH600876,2017,112.42788,34.66047
SH600876,2018,112.42788,34.66047
SH600876,2019,112.42788,34.66047
SH600876,2020,112.42788,34.66047
SH600876,2021,112.42788,34.66047
SH600876,2022,112.42788,34.66047
SH600876,2023,112.42788,34.66047
SH600876,2024,112.448745,34.677715
SH601012,2012,109.106781,34.07608
SH601012,2013,109.106781,34.07608
SH601012,2014,109.106781,34.07608
SH601012,2015,109.106781,34.07608
SH601012,2016,109.106781,34.07608
SH601012,2017,109.106781,34.07608
SH601012,2018,109.106781,34.07608
SH601012,2019,109.106781,34.07608
SH601012,2020,109.106781,34.07608
SH601012,2021,109.106781,34.07608
SH601012,2022,109.106781,34.07608
SH601012,2023,109.106781,34.07608
SH601012,2024,109.106781,34.07608
SH601865,2018,120.755287,30.808035
SH601865,2019,120.755287,30.808035
SH601865,2020,120.755287,30.808035
SH601865,2021,120.755287,30.808035
SH601865,2022,120.755287,30.808035
SH601865,2023,120.755287,30.808035
SH601865,2024,120.755287,30.808035
SH603185,2018,120.28429,31.52853
SH603185,2019,120.28429,31.52853
SH603185,2020,120.28429,31.52853
SH603185,2021,120.28429,31.52853
SH603185,2022,120.28429,31.52853
SH603185,2023,120.28429,31.52853
SH603185,2024,120.28429,31.52853
SH603212,2020,120.64517,31.13914
SH603212,2021,120.64517,31.13914
SH603212,2022,120.70179,31.12947
SH603212,2023,120.64517,31.13914
SH603212,2024,120.64517,31.13914
SH603396,2017,122.20646,40.66629
SH603396,2018,122.20646,40.66629
SH603396,2019,122.20646,40.66629
SH603396,2020,122.20646,40.66629
SH603396,2021,122.20646,40.66629
SH603396,2022,122.20646,40.66629
SH603396,2023,122.20646,40.66629
SH603396,2024,122.20646,40.66629
SH603628,2016,118.24722,24.61854
SH603628,2017,118.24722,24.61854
SH603628,2018,118.24722,24.61854
SH603628,2019,118.24722,24.61854
SH603628,2020,118.24722,24.61854
SH603628,2021,118.24722,24.61854
SH603628,2022,118.236209,24.685829
SH603628,2023,118.24722,24.61854
SH603628,2024,118.24722,24.61854
SH603806,2014,119.7248,30.23383
SH603806,2015,119.7248,30.23383
SH603806,2016,119.7248,30.23383
SH603806,2017,119.726151,30.243025
SH603806,2018,119.726151,30.243025
SH603806,2019,119.726151,30.243025
SH603806,2020,119.726151,30.243025
SH603806,2021,119.726151,30.243025
SH603806,2022,119.726151,30.243025
SH603806,2023,119.726151,30.243025
SH603806,2024,119.726151,30.243025
SH688390,2020,120.57186,31.29579
SH688390,2021,120.57186,31.29579
SH688390,2022,120.57186,31.29579
SH688390,2023,120.57186,31.29579
SH688390,2024,120.57186,31.29579
SH688408,2020,120.98181,31.38475
SH688408,2021,120.98181,31.38475
SH688408,2022,120.98181,31.38475
SH688408,2023,120.98181,31.38475
SH688408,2024,121.020031,31.346508
SH688516,2020,120.36434,31.49055
SH688516,2021,120.36434,31.49055
SH688516,2022,120.36434,31.49055
SH688516,2023,120.36434,31.49055
SH688516,2024,120.36434,31.49055
SH688556,2020,120.39629,36.30744
SH688556,2021,120.39629,36.30744
SH688556,2022,120.317543,36.299076
SH688556,2023,120.39629,36.30744
SH688556,2024,120.39629,36.30744
SH688560,2020,114.42773,27.79817
SH688560,2021,114.42773,27.79817
SH688560,2022,114.42773,27.79817
SH688560,2023,114.42773,27.79817
SH688560,2024,114.42773,27.79817
SH688598,2020,112.37409,28.5793
SH688598,2021,112.37409,28.5793
SH688598,2022,112.37409,28.5793
SH688598,2023,112.37409,28.5793
SH688598,2024,112.37409,28.5793
SH688599,2020,119.97147,31.83052
SH688599,2021,119.97147,31.83052
SH688599,2022,119.97147,31.83052
SH688599,2023,119.97147,31.83052
SH688599,2024,119.97147,31.83052
BJ835368,2020,121.5255,38.95223
BJ835368,2021,121.5255,38.95223
BJ835368,2022,121.51844,38.970421
BJ835368,2023,121.51844,38.970421
BJ835368,2024,121.51844,38.970421
BJ839167,2020,120.64517,31.13914
BJ839167,2021,120.64517,31.13914
BJ839167,2022,120.66763,31.10516
BJ839167,2023,120.64517,31.13914
BJ839167,2024,120.64517,31.13914
